{
    "accuracy": 0.8848954119958395,
    "precision": 0.2876911871813547,
    "recall": 0.9564164648910412,
    "f1_score": 0.4423292273236282
}